nom;Entreprise;Marche;Reponse;Cours;Total actifs;Autres actifs;Capitaux propres;Effectif ;Resultat net;Actifs fi non courant;CA annuel;Cout endettement financier net;Creances clients cmptes rat;Dettes fi courantes;Dettes fi non courantes;Ecart daquisition;Fournisseurs cmptes rat;Immo corp;Immo incorp;Marge ope;Prod acti ordi;Provision risques charges non courant;Resultat ope;Ratio endet;Rent fi;Stocks trav en cours;Treso
Airbus;AIR;CAC40;1;37.85;0.194101300476068;0.226103048799086;-0.280089278831135;0.0282748062231573;1.12661764891997;0.211001122394331;0.284940154836729;-23.2001072648889;0.225862856386072;2.25206587263619;1.7103194102159;-0.0829492687651971;0.21262193582432;0.194925283421491;0.32343609529374;4.17952617810773;0.284940154836729;0.0835296812602946;0.869104004880681;-17.1055934423986;1.98942452260507;0.339487796997898;0.57185058896129
Danone;BN;CAC40;1;13.71;0.112658271988588;0.137409717520464;-0.0251616262679683;-0.018109304105382;-0.245172828958798;0.599509518137452;0.153524851118476;0.11107123703051;-0.0384707127410937;0.475710314014266;-0.114888430404697;0.0257367824994733;0.21770814594679;0.16125905331512;-0.0279106773443374;8.53704813067915;0.153583626696515;0.49367135359322;-0.18050353491399;-0.180472360568674;-0.311928137576064;0.245711775709195;0.513467003519866
Carrefour;CA;CAC40;0;9.035;-0.148799543480876;0.468785349870494;0.0362105764884907;-0.196157253132001;2.05164263996431;0.364159632461979;-0.0564146685729447;0.219579287592354;0.457315152524185;-0.368945612503352;-0.394787482935958;-0.320613477867258;-0.208281363314746;-0.205793726607553;0.378601770155048;13.5031017420082;-0.168399177509446;0.135558609931932;11.0937364609696;0.220122862110487;1.84459525312013;-0.0975876564398588;0.262542939144567
Cap Gemini;CAP;CAC40;1;60.495;0.156913504927781;0.327903173841055;0.174571570347887;0.289855353740492;0.850305159648542;1.03095035115495;0.0898124053574548;0.776448059426783;0.207863986219683;1.08174367537823;-0.163687645503255;0.202434605785358;0.0645983826268684;0.040931095031695;-0.0572990494213849;7.45012842707704;0.204334654408852;0.64162895479645;0.609578499778108;-0.735101255114819;0.650602388452819;0.0458857024330767;0.0151591696840085
Vinci;DG;CAC40;1;25.26;0.0261447805423649;1.54497298789852;0.115655992537509;0.0124357924780473;0.0809275542490739;0.679725781870662;0.0441990829871108;0.142285166582813;-0.0683616644962413;0.232989994137426;-0.121097316669705;0.156561103084001;-0.00433953391323496;-0.0426344354413779;0.00562861630716621;8.61489125141172;0.0238755208630953;0.50963281630175;0.0475773936977245;-0.0699201375677418;-0.0365475384029852;-0.0381565818665712;-0.227664615385971
Essilor Intl;EI;CAC40;1;60.5;0.752070864971954;3.35247063592113;0.624404575531395;0.181112723817317;0.592176221480872;0.371778808772434;0.509971843599382;-4.82385899208861;0.190894636611448;0.457787874814192;2.61389925744278;1.31415506450804;0.191044200093526;0.241015025277962;1.53084777581822;16.702235348471;0.509977538432375;0.567282218801817;0.648811695599958;2.56876396228359;-0.0482739915714674;0.398524670338911;0.3983757832976
Bouygues;EN;CAC40;1;12.155;-0.0273844305209491;0.212944004751834;-0.0253400630974581;-0.0247942692733267;-0.20848614752939;-0.307883469846814;-0.00794084753260019;-0.00316551422128744;-0.142050042752125;1.48723712735528;-0.22494165428504;-0.0565625378832421;-0.0461393743326207;-0.00210789444965003;0.705610107534991;0.011425356286569;-0.00936713148435331;0.162904396650008;-0.784311662348385;-0.255710800693411;-0.500697319314944;0.118857653543631;0.18369408887894
Engie;ENGI;CAC40;0;-4.815;-0.0689862166509481;0.207402458936077;-0.180468435560646;0.00388587608215717;-3.4115429407467;0.48097529878714;-0.237335466901557;0.254874090528807;0.0293226278856226;0.222254218812653;-0.217998930602756;-0.190185703876787;0.333836079918307;-0.1584435607448;-0.382234874769755;6.74149211731091;-0.0998625682610896;0.258897786458433;-0.266272279003243;0.0585407143212302;-4.54985278424408;0.30178601136499;-0.178256530865158
Total;FP;CAC40;0;1.39;0.246333618548106;0.748655681611411;0.241797352383643;0.0431226730854291;-0.764132766121398;0.115179796483268;-0.128834247650825;-0.689737323411965;-0.634589321285696;0.250647785635904;0.751139744119128;-0.377729925014456;-0.132257993247735;0.484295828465228;0.149133147172273;0.425074620069431;-0.128834247650825;0.613164057198872;-1.31719184042236;0.352168859052816;-0.904454023268766;-0.387807189202333;0.547463370224179
Valeo;FR;CAC40;1;111.09;0.30537162872686;0.860483802500666;0.625456743415937;0.203292580814118;0.625649106028151;0.360587022747843;0.305564713117686;-0.254654934836803;0.165918976180208;0.649732773946069;-0.236140495111343;0.0202708633177143;0.349220121949996;0.355729151808261;0.628072819657729;5.94430761276822;0.305564713117686;0.211790736417412;0.380804052369827;-1.26600521824533;-0.0170705415698191;0.448676257453988;0.305745200794596
Kering;KER;CAC40;1;47.3;-0.0396102394930495;-0.328142088483481;-0.00675734019673292;-0.170772732874803;12.1176927792373;-0.145834767042502;-0.0187529852924812;0.327284299643638;0.0584834131920675;0.176650098306882;0.307444945586917;-0.105674954661335;-0.196027842960272;0.445408511202004;0.0898988491693396;9.71954864378909;-0.018726865312642;-0.124478467437711;-0.121583863372834;0.502222972174989;11.8697316951831;0.0464097303232026;0.139467323818414
Legrand SA;LR;CAC40;1;27.35;0.165946448500406;0.258571420680606;0.265313375554621;-0.01212280351643;0.14317933083177;5.58333333333333;0.127309904165385;-0.0285393618726952;0.0279861120982929;-0.771689090039552;0.188405338942399;0.149825891651165;0.206663468084294;-0.0737378856220321;0.0314564622617161;17.4041452363354;0.12736264346242;0.145520538816722;0.0903269303886816;-0.649534161040989;-0.110451850733495;0.128049495291484;0.929627827834617
Lvmh;MC;CAC40;1;35.35;0.400818064447543;0.670085035660852;0.293086255162955;0.393841464380348;0.72859320061113;-0.142576498594459;0.440182741931161;0.220628542035988;0.398576802931169;1.1272451839028;0.431724946969806;0.66640260276643;0.491853162187193;0.461250712790433;0.396408649096157;16.5787266492619;0.440458957638792;0.744986312588006;0.298225492013939;0.418466680700383;0.640560961569989;0.4956101986873;0.695198358275533
Michelin;ML;CAC40;1;42.135;0.141260566274237;0.115644783222363;0.16903102441994;-0.0288158716192892;-0.165217990880576;0.727588735078185;0.0292058895854694;-0.157242136158116;-0.102103400119264;-0.828129560867047;0.129745410563189;1.04852693145532;0.159416778021323;0.301768944224579;0.518813024812696;9.54872992655911;0.0292058895854694;0.390956617271337;0.18602286593488;1.54362231063255;-0.302346714004943;-0.0626051137412164;0.0841267354861518
Arcelor Mittal;MT;CAC40;0;-10.233;-0.265559232633003;-0.204153583221545;-0.359739398891662;-0.204912610232448;-1.99801883389749;-0.510457037678779;-0.360604053161558;0.363186752595191;-0.367573084181565;-0.467519667043407;-0.0594244892074873;-0.460675922556006;-0.129841510562014;-0.148165649449809;-0.729733988521049;3.22258086762885;0.0418698799801541;0.380653005783052;1.60575040351772;0.249309689470288;-2.18066783545301;-0.104607787822342;-0.199173276976684
L'oreal;OR;CAC40;1;74.55;0.235201789714565;4.37437109433314;0.330004175605933;0.135704920923143;0.537105044767626;77.5638510458794;0.228689705647716;6.71666666666667;0.198614535048635;6.40013505633576;0.142341376273056;0.289402533978212;0.19982630443618;0.171232116462529;0.179913620714099;15.6653903694966;0.228683756921147;-0.0967435152464765;0.293292887643628;-2.37619853350502;0.37787840107561;0.179376772622955;-0.00148498273657011
Orange;ORA;CAC40;0;3.265;-0.0604853789297846;0.503649366222203;0.0314717090298877;-0.0744491801955003;-0.420316287606902;-0.473235730211987;-0.114555117071437;0.214206075579002;-0.180059940156547;0.207183452388311;-0.0638046542655004;-0.154250393341943;-0.0875138137205802;-0.0587000413356024;0.0449471294961562;11.0358277500694;-0.139596288478584;0.489822655827857;-0.231188084875266;-0.0418674630904185;-0.425629674416289;0.0199881094674758;0.704355238514539
Publicis Groupe;PUB;CAC40;1;25.575;0.346315909286589;0.130283361920686;0.640556064598383;0.282299992944641;0.322380667469807;0.427918460644978;0.555208705614007;0.851465201465202;0.263971003899191;1.84680620025789;1.07999451400176;0.530176375317897;0.301555858266169;0.178984191471687;0.120906465548416;13.6809192012424;0.305304348720084;0.0104103006199342;0.26462786399063;-2.24224784577944;-0.27036600682866;-0.0107621170448256;0.896463246055435
Pernod Ricard;RI;CAC40;1;33.54;0.178263933036774;0.564312212766274;0.358482382636662;0.0114434596824992;-0.173995270337;1.13947258072117;0.0475083322439633;0.0146671194063183;0.32794675530094;10.5329506089682;0.592712780899724;0.0933672576861181;0.689817185480959;0.218874115283076;0.084185909528425;17.2941412077329;0.12234805486597;0.606488802044684;-0.129502767206623;0.562276516021563;-0.485760592723475;0.337270774621044;-0.283074633295094
Renault;RNO;CAC40;1;65.47;0.226892780508147;0.436053396565734;0.161050336864068;-0.0640435309680291;1.56800468895961;0.232982988938601;0.0670135552310733;-0.0732301978982116;0.264693826949441;0.192892681139596;-0.0706959688966746;-0.153419679842444;0.317257514908026;-0.0144724561459828;-0.026582351351106;36.5662867345744;0.0670135552310733;0.222286775603163;32.2388392285343;-0.189359030525111;1.21365674955554;-0.0194827833875412;0.534833281289425
Safran;SAF;CAC40;1;40.165;0.334066672759646;2.93165753923269;0.170406584364573;0.145740573301695;24.2164824312476;2.5136925777326;0.425858198364478;-0.0634920634920635;0.199150509209581;0.534603773833442;0.245924308066734;0.148370871345013;0.250907683357551;0.16830628976381;1.05057373743693;9.34493972538307;0.406450033118165;1.17448517218853;0.85901421629719;-0.0325739599448027;25.8817718270385;0.179118690150664;0.401417713388267
Sanofi;SAN;CAC40;1;21.8;0.0235954867358131;0.970371762847861;0.0326656700867744;0.0170420561431023;-0.243223394071672;1.73232505140203;0.0372626293407209;0.158400586128517;-0.0768710561435969;0.995497389123418;0.092055639716542;0.0399192176357589;0.204829704633325;-0.0759931581968869;-0.611803285196762;15.1359774995492;-0.00192699474195284;-0.0367008727361353;0.0300927428040861;-0.351725866139646;-0.270299193569834;0.0760236735242199;0.976497571169578
Saint Gobain;SGO;CAC40;1;10.18;-0.0289363265724687;0.308086123834962;0.0605592050022645;-0.127204041493584;0.308793739368981;0.788445208704421;-0.0594249109918933;0.178564994018068;-0.114111156738281;0.248249344697791;-0.101752616397555;-0.0315039852407755;-0.048700449718229;-0.197452928153339;-0.129020187391692;1.5315794933256;-0.0594249109918933;-0.0947756027029078;-0.543113549138542;-0.43352536487016;0.210387909328894;-0.117798614892591;0.803534459179217
Schneider Electric;SU;CAC40;1;11.88;0.177751381223292;0.289881082470393;0.294694691508407;0.270457885614671;-0.190087792647967;0.95721950848376;0.180285531431655;0.00368901580836012;0.0864187133540645;0.722373416158629;-0.0814886902462169;0.369432971402846;0.0588019916876395;0.0615047582483122;0.0260130814763305;6.90344571907841;0.180285531431655;0.546153159402732;-0.210340822841394;-0.28760738590593;-0.449655496204688;-0.095104534377621;0.438947876211909
Sodexo;SW;CAC40;1;34.67;0.255064379723051;0.403209083429751;0.410379403529919;0.0811196389470417;0.529892059562826;0.574185838081635;0.224386266351701;-0.00468650810401008;0.180702778569623;2.89297785186049;0.353257686661671;0.23048692418813;1.07120555269083;0.157722980636973;0.0383066808291181;4.83148785225536;0.224386266351701;0.475152129595234;0.344580740347852;2.90437455123125;0.0830056573762532;0.086871418269803;0.701199448962644
Technip;TEC;CAC40;0;-26.91;0.188543537150764;-0.254817607000386;0.219605916092556;0.253036042393636;-0.96649879796594;3.77276162559969;0.629297192523637;-1.36702152444596;0.766109435096492;2.29547996478917;0.184630792132379;0.297899382988725;0.785969761836308;0.11524438308375;0.61476204342148;0.630196585422987;0.447394266023661;0.708560281932817;-0.473915213271551;-4.53840071383287;-1.13858866332054;0.596587573721668;0.146369511337432
Peugeot;UG;CAC40;0;6.22;-0.273546506280523;-0.328212332573263;-0.0235780893068362;-0.0949290098708397;-2.81670274759931;0.429672191878264;-0.0879870265340396;-0.792970749175096;-0.257482359206497;-1.08264792839444;-0.482255863228628;-0.130867302964791;-0.0757958951944389;-0.240569249862427;-0.0935242873037635;-1.2783142067004;-0.0879870265340396;0.836776677640851;3.50853189346157;2.2112125027655;-5.5742706723459;-0.456242279073071;0.629797312458334
Veolia Environ.;VIE;CAC40;1;13.236;-0.365894033060349;-0.228067198395414;-0.131437945570661;-0.503791671414077;16.6835370459148;0.185574635932237;-0.133448074380889;0.339402750028713;-0.238614102242144;0.0850831447895773;-0.680912371136627;-0.307697537108625;-0.136726786667329;-0.116136701823192;-0.174827612158341;-0.303435264192188;-0.326642692817131;-0.129863278443346;-1.15158632397657;-0.379280670504077;17.2730729864687;-0.0164460187235397;-0.465031790329506
Arkema;AKE;NEXT20;1;10.67;0.551670482185265;0.140084061575611;0.685149231485993;0.101115158727391;16.1900104491472;0.244839472740232;0.305506778816744;-0.916853565087375;0.269655327408161;0.365491450826135;1.52097387684318;0.551362571825037;0.313351272014857;0.504306243296838;6.06785307850772;4.81549872200236;0.30434010860277;1.32994793132564;-0.212673571;6.65239112501659;15.0008061587387;0.193438103658707;2.14233796449741
Alstom;ALO;NEXT20;0;5.105;0.120645986211166;2.63000168383405;0.0467800731048147;-0.105363242457689;-1.9287546481876;0.193105207829381;-0.679287156981712;-0.881406896672283;-0.028288365733074;3.12442518904477;-0.126857271912242;-0.889994487133384;0.0802304584313708;-0.644866657789595;-0.722476999689306;-10.1617407550666;-0.726402710338659;-0.66730713822654;-1.256454285;0.902820774601242;-2.42965312177538;-1.14163194330094;-0.429933566547396
Atos;ATO;NEXT20;1;43.185;0.877752783354671;1.0123897623086;0.84191365882489;0.689038255515114;1.02060519916806;0.761197353233404;0.503656286832572;-0.190667983144904;0.693212906421343;1.93147993198002;0.600245427784847;0.569202790632086;1.31560882836385;0.745316301592821;5.60632729957229;4.11037859186195;0.679865275940927;1.00681239236545;0.983743037;-4.98983998746399;0.166325558986111;3.53530866911484;1.69538431097735
Bureau Veritas;BVI;NEXT20;0;4.5775;0.419580447990961;0.66641937220161;0.340425557224312;0.341929717550489;0.0551314082503422;-0.0874104065745547;0.341332564418914;-0.848868841189979;0.376890996245532;1.13255363136083;0.605393018787484;0.350049480639448;0.223045554776503;0.566941809574918;0.874193968874023;12.3654989022927;0.376786715852355;0.359369192445237;0.224333585;0.356819197846113;-0.129655086459742;1.43379267226437;0.0199568165594395
Casino Guichard;CO;NEXT20;0;-21.82;0.379193579817023;0.314577608477703;0.442511850246876;0.478296526066035;0.503140183892863;1.98930104131915;0.328927360074443;-0.220262868735401;-0.199425468878368;0.559352056624259;0.456995239442629;0.364637119368938;0.473083350855762;0.229809970949701;2.49702952105578;2.00104026580673;0.328942537074713;1.52231941649309;0.308054964;-0.290352728801129;-0.0802713235589101;0.522599835283655;0.832210320293822
Dassault Systemes;DSY;NEXT20;1;43.01;0.517954427317621;0.297381689897951;0.535498102843444;0.418937826426618;0.354286097379816;1.13830728255519;0.50429544636387;7.37119624481546;0.482152079496449;-1.60523335598693;7.15062056991884;1.1298114559807;0.450644361918068;0.909908168220869;0.851624570881571;17.6640188828157;0.406797819324407;0.242229518413847;0.360261302;-0.582805952349789;-0.166665777912931;-0.0429390396523691;0.1952521773762
EDF;EDF;NEXT20;0;-5.02;0.190611588076772;0.284293294226583;0.18110614472574;-0.0240042793593753;-0.47240872236911;0.448105672595193;0.146314946677333;0.569917083122899;0.0673656862276873;-0.0170190952286192;-0.314087259049592;-0.11302074831858;-0.0200162208532371;0.156404415192545;0.782087482552494;3.65038488893135;0.146314946677333;0.327238337668754;-0.4995094;-0.461493422980149;-0.584347755767722;0.0815480642369557;-0.297095257556352
Eutelsat Com.;ETL;NEXT20;0;-2.415;0.516957584888122;1.31798606441085;0.415649957746556;0.10671096209061;0.0715154966467465;0.467884666767736;0.100330979391447;-0.228288202235017;0.488067650414408;2.01305204646268;0.528199067734649;0.404760422043319;0.341250988103865;0.589303468451724;0.215472675145639;43.6005866777649;0.241941369219363;2.23720806354739;0.032506955;0.118727965164162;-0.320564979839123;-0.0925878873855753;1.74286381567465
Gemalto;GET;NEXT20;0;6.086;0.0200167064500662;3.28379353047738;-0.299439305840111;0.14466058885986;4.31581563771362;0.261572648993442;0.392847496713355;0.00223552780630376;0.225236130176302;9.81492983947922;0.0574816424283832;0.134035993601646;0.347523002207408;-0.0423592696091391;-0.491849521740787;30.6673653102995;0.382861285184112;1.88533583235485;0.381681589;0.502830798325529;4.59094945024457;0.531212988636369;0.455316005037448
Groupe Eurotunnel;GTO;NEXT20;1;17.96;0.661309282664765;0.849129064312395;0.389073441266329;-0.832261904761905;-0.00631962190599344;0.6200121405544;0.476230369618222;-104.350538334691;0.453368194730639;42.2681210662654;127.340752210355;0.798258311095092;0.203069984263385;0.487501608300112;2.0608379666448;5.03391432996047;0.476230369618222;1.30269259526011;0.194185699;-1.82645655765644;-0.38459987642889;0.493601846314219;1.06452029486706
Hermes;HO;NEXT20;1;44.995;0.0283387863219422;0.187799063302545;0.216758117157285;-0.0968509549153018;0.513203054984026;1.53404563475228;0.0872642867415755;5.18605497701473;-0.108003706136259;5.43421075442321;-0.097187298418797;-0.155466856329941;-0.250815274780192;0.131928984254297;0.289755990245312;6.54773375952693;0.0872527945155113;1.37937120871438;0.39897772;-0.673680265724828;0.353523065199958;-0.455005354426881;0.721278754923138
Iliad;ILD;NEXT20;1;124.65;0.841679002837035;0.597311081553048;0.859835777489652;0.547749155756527;0.0166552067262396;-0.788745837272765;0.845769728429878;-0.456323533003616;1.86270590918374;4.59777115396102;-0.0814778250198785;0.00265952921495339;4.35250628044367;0.840735341386565;2.65749814333654;12.0721250646232;0.827629466196809;-0.00647121982907539;0.115796604;-0.287610310980834;-0.64279318541732;29.0439579014505;-0.628824792727814
Ingenico Group;ING;NEXT20;1;87.91;1.08417516041709;4.11838828347061;1.01311703620356;0.457614081792164;1.73845936967961;0.312816666309886;0.880773353431528;-0.0399432796800591;0.292531746028078;3.3613418520871;1.06440961665573;1.16991925470424;0.923719172585884;0.543290259504864;2.15419055347391;16.8381122050945;0.880738306964518;0.235792841395558;1.476757221;1.25961295057741;0.64833895326393;0.455331377542251;1.39034105164131
SES Sa;RMS;NEXT20;1;85.4;0.528540080628495;0.7273351582855;0.511165727271366;0.352189225519854;0.786641848838774;0.589501496868851;0.576383570367749;0.875012341656546;0.506265874142306;0.363655457492566;0.146634049528296;0.465216147654789;0.422692026027884;0.406613342253306;0.487398364543129;30.6822108338482;0.58430161604161;0.639068988198314;0.74403214;0.593089428374614;0.297649836126197;0.740812309543543;0.786935784754444
Stmicroelectronics;SESG;NEXT20;0;7.185;0.197467826416288;0.547641468203602;0.540528158537897;-0.218168947128022;0.255233623734441;0.307096216999798;0.153730520207126;0.012957866518364;1.18831985504701;-0.538551145852924;0.399989616411539;0.106148965346218;0.936762610013449;0.142725569186157;0.25668951271432;44.995517097733;0.102521763553041;0.855525907165039;0.10531944;-0.416482200815099;-0.262761040992067;-0.233341700667262;1.01134523055175
Suez Environnement;SEV;NEXT20;0;8.38;0.0225998494779306;1.66410575100546;-0.00122883907365758;0.00749973803077072;0.154321045365509;0.671880642984214;0.0243626503911576;0.0777975392803166;-0.0778601242980078;0.359025452331171;0.0787310236693067;0.0723624137654704;0.114150057289033;-0.0511081622831117;0.0480964154997972;5.08476347435279;0.0227852041886169;0.13923947186601;-0.114768304;0.120483094171999;0.155546824193213;-0.175812570185992;-0.161761414785241
Thales;STM;NEXT20;0;1.672;-0.260554458884476;0.505061277519931;-0.366478812794163;-0.194599458779532;-13.8918921332492;0.0943096017442498;0.385834328329992;-6.87873592953516;-0.275609371714209;-0.865950952723859;0.708318508379399;-1.51270321384559;-0.660839944923347;-0.39619126365859;3.11617230030621;-48.3851795389756;-0.318920515094119;1.34935683534155;-45.0484209;-1.17291474253107;-17.5111640743774;-0.156266225322511;-0.347482663531009
Zodiac Aerospace;ZC;NEXT20;0;8.996;0.694380916609238;1.12769889778849;0.69703975729348;0.384916371458796;-0.0214783332947763;1.65523180107489;-0.328340371370602;0.0737306927599886;0.805210350624324;4.01146811668337;0.264016395298161;0.603672488950795;0.581059588919353;0.643613563704606;0.918651282875409;3.66262320161015;0.64366172983391;1.08635190143703;-0.028739665;0.152138133087777;-0.620149889326579;0.902405020996089;-0.266288834681235
Adp;ADP;MID60;1;54.49;0.171788453584849;0.134920879382495;0.158560306428968;0.10671096209061;0.354240845094008;1.25538635368806;0.156771550908891;-0.494402312027142;-0.173811918099107;-0.619471242256808;0.405334961232969;0.776823022686745;-0.598284712419295;0.0651843503153398;0.163498174335621;24.6659904147169;0.0415955739084552;0.526227418971973;0.321462772;0.120676100171425;0.185854124493713;-0.306050428798557;0.629231638945242
Air France - KLM;AF;MID60;0;3.021;-0.212192011186841;-0.12286733733831;-2.11652484901522;-0.0638663271199688;-2.42544628402263;-0.382520764667135;0.364326298433809;-0.0075387936310487;-0.108373461974383;0.170850715318058;-0.107203205549399;-0.433179385067177;0.128533069479119;-0.220470627124958;0.391773449961474;1.77975575986166;0.0559811149684988;0.65929616688124;2.675321443;-3.44556358129354;-4.24903381715039;-0.0273708972074483;0.0469187524990065
Altran Techn.;ALT;MID60;0;9.627;0.407543865281794;0.380940902861577;0.575145937765843;0.429312545360323;2.17291240740472;1.922748089823;0.32998650203658;0.689729161208094;-0.202872249430698;3.32677910178086;1.50906868518694;0.601656357826458;0.227176524076854;0.513372816175687;4.87363078856369;10.0558219871828;0.316789194588324;0.211851102910595;3.434951882;33.891319854492;1.14560119209493;0.330681415085953;1.31788975607171
Aperam;APAM;MID60;1;22.145;-0.325476214090414;-0.573993481233516;-0.299289422639786;-0.0472770709531742;-0.34949063700392;0.517103053104789;-0.266671121645013;0.328624826138422;-0.266589640771736;-1.92183017716004;-0.0846171041730372;-0.252057781879484;0.0523584268249441;-0.344580142436035;-0.854662605785007;1.93113620482913;0.00528600201897952;-0.0455855663264;24.9343474;-0.5812519030531;-0.506774053115076;-0.111471732846689;0.940015156513387
Alten;ATE;MID60;1;35.155;0.330774430362819;0.71722815757869;0.360678525512337;0.230837498940947;0.670204527100254;2.81546150290035;0.390549859156267;-0.805663615741135;0.193482853427539;1.98726138380505;3.62178976468058;0.436019763459468;0.380948887897098;0.408344714773924;-0.0658992462627209;8.61641593929312;0.390594880083087;0.390757668270022;0.485207515;-1.037584083852;-0.0206669093524234;1.0194791792315;0.300139919496686
Bic;BB;MID60;1;83.47;0.1892950495011;0.365409059517996;0.137425577916532;0.048970861738948;0.272103602226316;-0.530476906777133;0.21620585942367;6.15516082947795;0.126944709345696;2.86133253686658;41.1105377773673;0.432120080117548;-0.075994628413747;0.310248333518794;1.12575872216484;17.7855049376651;0.079482182309892;0.417456673486406;0.210062031;0.239441152985731;0.132160139185832;0.268075560585508;0.0600038097634963
Biomerieux;BIM;MID60;1;54.91;0.629610195847506;1.36276541784041;0.3698473605458;0.233051701309981;-0.111048023544338;0.0626342189057677;0.338045318054173;-3.1825101981352;0.117481326903274;0.729013617742059;30.5430217243387;1.11771853830415;0.463416044393227;0.382395373453622;2.38124594268015;10.5476237787825;0.232766576783026;1.49661040353642;-0.150217791;135.309220581696;-0.430670615736803;0.54967612309862;4.93840212259294
Bollore;BOL;MID60;0;2.7685;1.01123426720591;6.34756853679636;1.1193642972194;0.10671096209061;0.645221211562301;2.73704257734658;0.242121669347821;-0.912849908144052;1.3446784703263;0.737854157475973;0.3433563173432;1.53082435553866;2.11504797181406;0.570406054132494;2.50913653935543;5.77045213694386;0.453324181967126;0.770112934788554;1.156523599;-0.702868483125146;-0.470454231713175;0.581393116821087;1.8769422766515
CGG;CGG;MID60;0;-15.11;-0.000305668714687068;-0.0314761083643073;-0.554237818152223;0.213276119362588;0.610727402579074;1.24332312839377;-0.322315162519423;-0.33139977166307;0.129170787425037;3.25904091313706;0.647691262268542;-0.483803145495081;0.0520820428401554;0.0145315495325;0.656972466276067;-57.4084559294083;-0.0189977284207342;0.771755806961163;-2.589179875;3.43919919613581;-5.40969891336544;0.193555151882026;1.48710730934764
Dbv Technologies;DBV;MID60;0;-1.44;3.88030753595895;1.45006206643868;4.60173857230293;1.39527629233512;-2.03174072558353;6.46338380917328;20.4725772891565;0.0874452833733104;92.0442446677243;0.823057498057498;5.37377279102384;0.0563665204656338;0.910646550302316;2.79827335283985;4.16031746031746;-517.151148431442;1.20198351575429;2.43099810370884;-2.088550092;-0.0203474884522665;0.486176660741764;18.0728291316527;4.53838023954467
JC Decaux;DEC;MID60;1;17.05;0.12044971786665;0.292272244903824;-0.0507621466515591;0.124345267899176;0.555248019044896;1.4761248537943;0.31049835784899;-0.609340659340659;0.209851574693861;2.16301831501832;2.91063697503067;-0.0709516787170289;1.129438548627;0.0418249735460649;-0.0852373582700426;8.36082810331803;0.143654115374907;0.447287564034976;-0.139550873;12.9043071878261;0.600382646813778;0.0690023171896736;0.736162622937904
Sartorius;DIM;MID60;1;236.7;0.415573279226521;0.444306821128816;0.52210544080144;0.10671096209061;1.21928554882321;-0.384913420092274;0.72823558032464;-2.88486273154873;0.464398659101757;2.52619980357639;1.33574918212087;0.291966148154456;0.151842039176956;0.567949937087414;0.426881159938573;20.1982063414368;0.676808656397409;0.564401931517232;1.108463955;-0.593411718445101;0.602728688860492;0.894792468559705;0.111620230004884
Edenred;EDEN;MID60;0;-1.49;-0.0132065964287304;-0.0188920032831822;-0.261336729357394;0.0955623700267316;1.47740223714727;3.07741935483871;0.00312156028515868;0.314141685109427;0.117497203624772;-0.40240259282745;-0.11901211145477;0.0412556199367328;-0.107926992237735;0.382105538140021;0.551158019563018;32.3307982532202;0.0725516120986302;0.716386554621849;0.243282676;2.40210662123917;-1.35070253505106;32.3968548282502;-0.334317617208797
Faurecia;EO;MID60;1;23.08;0.356576697057648;0.635031225824714;0.830327283810303;0.284445041711268;0.598455901274077;0.818214121739177;0.15522781963494;-0.786994715995651;0.20334469037139;0.841790358080823;0.0403562633376389;0.0688092851861592;0.331713979442073;0.36574046584867;0.739789776821686;2.15564119111079;0.328718367889279;0.621269778239368;0.455542707;-0.431896372859117;-0.267888429287625;0.42750525318395;0.603283683276334
Eurofins Scient.;ERF;MID60;1;241.18;0.621475376794005;0.512197634583995;0.906455673033204;0;0.457035808811124;0.972103095136233;0.96539933996261;-0.637332284783362;0.432831890248692;3.05182436354184;0.653795403369173;0.682792792025673;0.594219050447969;0.771610807628598;1.65711687365437;11.1150243622655;0.966860835661392;0.122841175226788;1.22803187;-0.012537316712248;-1.812764144956;1.06879337803375;0.690548601058148
Eiffage;FGR;MID60;1;40.72;0.107462264875912;0.02422723529491;0.205529703965873;-0.0649253849056913;0.136231947970062;0.258801873876436;-0.338727199541903;-0.466289767729114;0.04777225201995;0.944529102761795;0.0544222092003697;0.151813325836379;0.126931793835441;0.0627056590906769;-0.0897473180929982;8.38756950109247;0.0287513889259098;0.263368037721443;0.249954416;-0.230472725221339;-0.0840720418014632;0.153001416743628;2.66854893349226
Genfit;GNFT;MID60;1;30.98;1.81184382383546;0.595210403695712;5.37986537152479;0.0944069575648523;-1.24884148150337;-0.446420635085473;2.07754596314072;7.6510998010998;0.730226034474047;-0.486556271774241;1.58264306289103;0;0.569860688056954;-0.326245481832081;6.39253826124191;-3354.94490552764;-0.907263674829625;-0.519575665427208;-1.023794466;-3.19749943479939;0.953338157341895;-0.431810011069471;4.08756247853917
GTT;GTT;MID60;1;13.59;0.916894677432669;1.17239843833377;1.36595654794863;0;3.14082057172441;40.4736358238282;-0.337681402011256;0;1.71736517329057;0.233682266009852;-0.581715623669647;0.0563665204656338;0.365611282692427;0.446323388309947;8.20495781496795;61.3738618456724;2.07754596314072;-1.6030213228634;3.733631044;0.145372766803065;1.18420957692933;-0.0429390396523691;0.388434383931606
Havas;HAV;MID60;0;4.592;0.115251609458653;0.192946984116288;0.223067573286249;0.090480463800379;0.324892335422227;0.0754892037786775;0.129959555629486;0.107041107041107;0.290095836963392;0.805349775693621;-0.182744081943107;0.123872693928383;0.274602373942704;2.49591162864147;0.275738794748838;12.2586485285969;0.185800377195596;0.421394900568724;0.310126976;3.84479337826664;0.139858634361756;-0.0202878202878203;-0.518146096263372